{"_runtime": 32, "epoch": 15, "_timestamp": 1754297355.238843, "_step": 14, "train_loss": 0.5780279636383057, "val_loss": 0.8993838429450989, "learning_rate": 0.0001}